Arthropod Taxa	Arthropod Species Scientific Name 				Common Name	Tree Host(s)*	Endangered Risk Rating	Reference(s)
Acari	Aceria chrondriphora Keifer				Ashleaf Gall Mite	Fraxinus	High	Solomon et al. (1993), Cranshaw (2004)
Acari	Aceria fraxiniflora (Felt) 				Ash Flowergall Mite	Fraxinus americana, Fraxinus pennsylvanica 	High	Felt (1918), Ives and Wong (1988), Johnson and Lyon (1988), Solomon et al. (1993), Cranshaw (2004)
Acari	Eriophyes fraxini Garm.					Fraxinus pennsylvanica	High	Felt (1918)
Acari	Oligonychus newcomeri (McGregor)					Amelanchier, Carpinus, Crataegus, Fraxinus, Malus, Prunus avium, Pyrus, Sorbus	Low	Johnson and Lyon (1988)
Acari	Platytetranychus thujae (McGregor)				Arborvitae Spider Mite	Carya, Cupressaceous Conifers, Fraxinus, Juniperus	Low	Cranshaw (2004)
Acari	Tetranychus homorus Pritchard & Baker					Carya, Fraxinus 	High-Moderate	Johnson and Lyon (1988)
Acari	Tetranychus urticae Koch					Acer, Cercis, Fraxinus, Populus, Rhododendron, Robinia pseudoacacia, Rosa, Ulmus	Low	Johnson and Lyon (1988)
Coleoptera	Agrilus subcinctus Gory					Fraxinus, Ligustrum	High-Moderate	Bright (1987)
Coleoptera	Aegomorphus modestus (Gyllenhall)					Acer, Betula, Carpinus, Carya, Castanea dentata, Celtis occidentalis, Cornus, Fagus grandifolia, Fraxinus, Liriodendron tulipifera,  Malus, Nyssa, Ostrya virginiana, Pinus virginiana, Prunus, Pyrus, Quercus, Salix, Ulmus, Tilia americana	Low	Linsley and Chemsak (1984), Lingafelter (2007)
Coleoptera	Alobates pennsylvanica Deg.					Acer, Betula, Carya, Castanea dentata, Celtis occidentalis, Diospyros, Fraxinus, Grindelia, Liriodendron tulipifera, Quercus	Low	Craighead (1949)
Coleoptera	Amphicerus bicaudatus (Say)				Apple Twig Borer	Acer, Carya (including Carya illinoinensis), Fraxinus, Gleditsia triacanthos, Juglans cinerea, Maclura pomifera, Malus domestica, Prunus (including Prunus armeniaca), Pyrus, Quercus rubra, Ulmus parvifolia, Vitis vinifera, Other Species	Low	Craighead (1949), Solomon (1995), Cranshaw (2004)
Coleoptera	Anthicus nitidulus LeConte					Fraxinus latifolia, Pinus ponderosa, Pseudotsuga menziesii 	Moderate	Keen (1958)
Coleoptera	Apion porosicolle Gemm.					Fraxinus latifolia	High	Keen (1958)
Coleoptera	Brothylus conspersus LeConte					Fraxinus latifolia, Quercus chrysolepis, Quercus douglasii, Quercus garryana, Quercus lobata  	Low	Linsley (1962)
Coleoptera	Callirhopalus bifasciatus Roelofs- Exotic				Twobanded Japanese Weevil	Abelia, Berberis thunbergii, Forsythia, Fraxinus, Camellia, Cornus, Deutzia, Ilex, Kalmia latifolia, Kalreuteria, Ligustrum, Mimosa, Rhododendron, Spirea, Syringa, Tsuga, Viburnum, Weigela, Other Species	Low	Johnson and Lyon (1988)
Coleoptera	Calloides nobalis nobalis (Harris)					Castanea sativa, Castanea vesca, Fraxinus, Quercus	Low	Linsley (1964), Yanega (1996) 
Coleoptera	Centrodera decolorata (Harris)					Acer, Castanea dentata, Fraxinus, Fagus grandifolia, Juglans, Liriodendron tulipifera, Malus, Quercus 	Low	Linsley and Chemsak (1972), Vlasak and Vlasakova (2002)
Coleoptera	Chrysobothris femorata (Olivier)					Acer, Castanea dentata, Celtis occidentalis, Cercis, Fraxinus pennsylvanica, Juglans nigra, Liquidambar, Malus domestica, Platanus, Populus, Prunus (including Prunus persica), Quercus, Salix, Sorbus	Low	Bright (1987)
Coleoptera	Chrysobothris mali Horn				Pacific Flatheaded Borer	Acer (including Acer negundo), Alnus, Betula, Ceanothus, Cotoneaster, Fagus grandifolia, Ficus, Fraxinus, Loquat, Malus domestica, Persea americana, Platanus, Populus, Prunus (including Prunus armeniaca, Prunus persica),  Pyrus, Quercus, Ribes, Salix, Swietenia,Ulmus, Other Species	Low	Keen (1952), Solomon (1995) 
Coleoptera	Chrysobothris sexsignata (Say)					Acer rubrum, Betula alleghaniensis, Carya, Castanea dentata, Fagus grandifolia, Fraxinus americana, Fraxinus nigra, Juglans cinerea, Juglans nigra, Larix, Pinus rigida, Quercus, Taxodium distichum, Tsuga canadensis	Low	Craighead (1949), Bright (1987)
Coleoptera	Corthylus punctatissimus (Zimmermann)				Pitted Ambrosia Beetle	Acer saccharum, Carpinus, Cercocarpus, Cornus, Corylus, Fagus grandifolia, Fraxinus americana, Kalmia latifolia, Ostrya virginiana, Rhododendron, Sassafras, Ulmus, Vaccinium, Wild and Cultivated Ribes	Low	Solomon (1995)
Coleoptera	Diabrotica undecimpunctata undecimpunctata Mannerheim 				Western Spotted Cucumber Beetle	Fraxinus latifolia, Zea mays, Other Species	Low	Keen (1958), Oregon State University (2006)
Coleoptera	Dicerca divaricata (Say)					Acer, Betula, Cercis canadensis, Fraxinus, Ostrya virginiana, Prunus, Quercus, Ulmus americana	Low	Bright (1987)
Coleoptera	Eburia quadrigeminata (Say)				Ivory-marked Beetle	Acer, Carya, Castanea dentata, Cupressaceae, Fagus grandifolia, Fraxinus, Gleditschia, Prunus, Quercus, Robinia, Ulmus	Low	Craighead (1949), Linsley (1962)
Coleoptera	Encyclops caerulea (Say)					Acer, Carya, Castanea dentata, Fraxinus nigra, Juglans, Liriodendron tulipifera, Nyssa, Quercus 	Low	Knull (1932), Linsley and Chemsak (1972) 
Coleoptera	Epitrix subcrinita (LeConte)				Western Potato Flea Beetle	Fraxinus latifolia, Piper, Solanum lycopersicum, Solanum melongena, Solanum tuberosum, Other Species	Low	Keen (1958), Berry (1998)
Coleoptera	Eupogonius pauper LeConte					Acer, Asimina, Carpinus, Carya, Castanea dentata, Celastrus, Cercis, Cornus, Fraxinus, Gleditsia triacanthos, Hamamelis, Juglans, Morus, Prunus, Quercus, Rhus, Tilia americana, Ulmus, Zanthoxylum 	Low	Linsley and Chemsak (1984)
Coleoptera	Haplandrus femoratus Fabricius					Acer, Betula, Carya, Castanea dentata, Diospyros, Fraxinus, Grindelia, Liriodendron tulipifera, Quercus 	Low	Craighead (1949)
Coleoptera	Hylesinus aculeatus (Say)				Eastern Ash Bark Beetle	Fraxinus americana,  Fraxinus pennsylvanica 	High	Craighead (1949), Keen (1952), Ives and Wong (1988), Solomon et al. (1993), Hiratsuka et al. (1995), Solomon (1995), Cranshaw (2004) 
Coleoptera	Hylesinus californicus (Swaine)				Western Ash Bark Beetle	Fraxinus americana, Fraxinus latifolia, Fraxinus pennsylvanica, Fraxinus velutina, Olea europaea	High-Moderate	Furniss and Carolin (1977), Wood (1982), Ives and Wong (1988), Langor and Hergert (1993), Hiratsuka et al. (1995), Solomon (1995), Cranshaw (2004) 
Coleoptera	Hylesinus criddlei Swaine				Northern Ash Bark Beetle/ Criddle’s Bark Beetle	Fraxinus americana,  Fraxinus pennsylvanica	High	Furniss and Carolin (1977),  Ives and Wong (1988), Solomon et al. (1993), Hiratsuka et al. (1995), Solomon (1995), Cranshaw (2004) 
Coleoptera	Hylesinus fasciatus (LeConte)				White-banded Ash Bark Beetle	Fraxinus americana	High	Craighead (1949), Wood (1982), Solomon et al. (1993) 
Coleoptera	Hylesinus oreganus (Blackman)					Fraxinus latifolia	High	Furniss and Carolin (1977),  Wood (1982)
Coleoptera	Hylesinus pruinosus Eichhoff					Fraxinus	High	Wood (1982)
Coleoptera	Hylurgopinus rufipes (Eichhoff)				Native Elm Bark Beetle	Fraxinus, Prunus avium, Tilia americana, Ulmus 	Low	Solomon (1995)
Coleoptera	Hyperplatys aspersa (Say)					Acer, Alnus, Amelanchier, Carya, Castanea dentata, Celastrus, Celtis, Cercocarpus, Cornus, Fraxinus, Gleditsia or Robinia (locust), Juglans, Lindera (including Lindera benzoin), Liriodendron tulipifera, Malus, Populus, Prunus, Ribes, Rhus, Salix,  Ulmus, Tilia americana	Low	Linsley and Chemsak (1995)
Coleoptera	Lignyodes bischoffi (Blatchley)				Ash Seed Weevil	Fraxinus, Syringa	High-Moderate	Solomon et al. (1993)
Coleoptera	Lignyodes helvolus (LeConte)				Ash Seed Weevil	Fraxinus, Syringa	High-Moderate	Solomon et al. (1993)
Coleoptera	Lignyodes horridulus (Casey)				Ash Seed Weevil	Fraxinus, Syringa	High-Moderate	Solomon et al. (1993)
Coleoptera	Lobopoda punctulata (Melsh.)					Fraxinus, Other Species	Low	Craighead (1949)
Coleoptera	Lyctus brunneus (Stephens)				Old World Lyctus Beetle	Betula lenta, Carya, Fraxinus, Gleditsia or Robinia (locust), Juglans, Liquidambar styraciflua, Populus, Prunus, Quercus, Umbellularia, Other Species	Low	Craighead (1949), Furniss and Carolin (1977)
Coleoptera	Lyctus cavicollis LeConte				Western Lyctus Beetle	Carya, Citrus, Eucalyptus, Fraxinus, Quercus, Umbellularia	Low	Furniss and Carolin (1977), Ebeling (2002)
Coleoptera	Lyctus linearis (Goeze)				Powder-Post Beetles	Betula lenta, Carya, Fraxinus, Gleditsia or Robinia (locust), Juglans, Liquidambar styraciflua, Populus, Prunus, Quercus, Other Species	Low	Craighead (1949)
Coleoptera	Lyctus parallelopipedus (Melsh.)				Powder-Post Beetles	Betula lenta, Carya, Fraxinus, Gleditsia or Robinia (locust), Juglans, Liquidambar styraciflua, Populus, Prunus, Quercus, Other Species	Low	Craighead (1949)
Coleoptera	Lyctus planicollis LeConte				Southern Lyctus Beetle	Betula lenta, Carya, Diospyros, Fraxinus, Gleditsia or Robinia (locust), Juglans, Liquidambar styraciflua, Populus, Prunus, Quercus, Umbellularia, Other Species	Low	Craighead and Middleton (1930), Craighead (1949), Furniss and Carolin (1977)
Coleoptera	Lytta sphaericollis Say				Ash Blister Beetle	Fraxinus pennsylvanica, Lonicera, Symphoricarpos occidentalis	Moderate	Ives and Wong (1988)
Coleoptera	Megacyllene caryae (Gahan) 				Painted Hickory Borer	Carya (including Carya cordiformis, Carya illinoinensis, Carya ovata), Celtis occidentalis, Ceris canadensis, Fraxinus americana, Gleditsia triacanthos, Grindelia, Juglans cinerea, Juglans nigra, Maclura pomifera, Mesquite, Morus (including Morus rubra), Nut Trees, Prosopis juliflora, Quercus, Robinia pseudoacacia, Solidago, Ulmus, Vitis (including Vitis vinifera)	Low	Craighead (1949),  Linsley (1964), Johnson and Lyon (1988), Cranshaw (2004), Lingafelter (2007)
Coleoptera	Meracantha contracta Beauv.					Acer, Carya, Betula, Castanea dentata, Diospyros, Fraxinus, Grindelia, Liriodendron tulipifera, Quercus 	Low	Craighead (1949)
Coleoptera	Merinus laevis Oliv.					Acer, Betula, Carya, Castanea dentata, Diospyros, Fraxinus, Grindelia, Liriodendron tulipifera, Quercus 	Low	Craighead (1949)
Coleoptera	Molorchus bimaculatus bimaculatus Say					Acer, Amelanchier, Carya, Castanea dentata, Cercis, Cornus, Fraxinus, Hamamelis, Juglans, Liquidambar, Quercus, Vitis	Low	Linsley (1963)
Coleoptera	Neoclytus acuminatus (Fabricius)				Redheaded Ash Borer	Acer, Betula, Carya (including Carya illinoinensis, Carya ovata), Castanea dentata, Celtis occidentalis, Celtis tenuiflora, Cercis, Cercocarpus, Cornus, Crataegus viridus, Diospyros (including Diospyros virginiana), Fagus grandifolia, Fraxinus quadrangulata, Gleditsia triacanthos, Ilex, Juglans, Liquidambar, Liriodendron tulipifera, Maclura pomifera,  Malus (including Malus domestica), Ostrya virginiana, Prunus (including Prunus persica, Prunus serotina,), Pyrus, Quercus (including Quercus macrocarpa, Quercus muhlenbergii, Quercus phellos, Quercus velutina,), Robinia pseudoacacia, Salix nigra, Sassafras, Syringa, Tilia (including Tilia americana), Ulmus, Other Species 	Low	Craighead and Middleton (1930), Craighead (1949), Johnson and Lyon (1988), Solomon et al. (1993), Solomon (1995), Yanega (1996), Cranshaw (2004), Lingafelter (2007)
Coleoptera	Neoclytus caprea (Say)				Banded Ash Borer	Acer, Carya, Celtis laevigata var. reticulate, Diospyros virginiana, Fraxinus nigra, Mesquite, Prosopis, Quercus (including Quercus alba, Quercus emoryi, Quercus vaseyana var. vaseyana), Ulmus, Other Species	Low	Craighead (1949), Keen (1952), Linsley (1964), Furniss and Carolin (1977), Solomon et al. (1993), Yanega (1996),  Lingafelter (2007)
Coleoptera	Neoclytus conjunctus (LeConte)				Western Ash Borer/ Gray Ash Borer	Arbutus menziesii, Eucalyptus, Fraxinus, Pyrus, Quercus 	Low	Craighead and Middleton (1930), Keen (1952), Linsley (1964), Furniss and Carolin (1977)
Coleoptera	Notoxus constrictum Casey					Acer macrophyllum, Fraxinus latifolia, Pinus ponderosa, Pseudotsuga menziesii	Low	Keen (1958)
Coleoptera	Obrium rufulum Gahan					Quercus, Fraxinus, Tilia	Moderate	Linsley (1963), Yanega (1996), Vlasak and Vlasakova (2002), Lingafelter (2007)
Coleoptera	Octotoma plicatula (Fabricius)				Leaf Beetle	Alnus, Fraxinus	High-Moderate	Solomon et al. (1993), Riley and Flowers (1997)
Coleoptera	Parandra brunnea (Fabricius)				Pole Borer	Acer, Carya, Castanea dentata, Fagus grandifolia, Fraxinus nigra, Gleditsia or Robinia (locust), Juglans nigra, Liquidambar, Liriodendron tulipifera, Malus domestica, Populus, Prunus, Pyrus, Quercus, Salix, Tilia americana, Ulmus, Other Species	Low	Solomon (1995)
Coleoptera	Phyllophaga ilicis (Knoch)					Carya (including Carya illinoinensis), Corylus, Diospyros, Fraxinus, Populus, Quercus, Other Species	Low	Craighead (1949)
Coleoptera	Phyllophaga vehemens (Horn)					Acer, Carya illinoinensis, Fraxinus, Grindelia, Juglans, Populus, Quercus, Rosa, Salix	Low	Craighead (1949)
Coleoptera	Phymatodes vulneratus (LeConte)					Acer circinatum, Acer glabrum, Acer macrophyllum, Ficus, Fraxinus latifolia, Malus domestica , Rosa nutkana 	Low	Keen (1952), Linsley (1964), Furniss and Carolin (1977) 
Coleoptera	Pidonia ruficollis (Say)					Fagus grandifolia, Fraxinus, Sassafras, Tilia americana	Low	Linsley and Chemsak (1995), Vlasak and Vlasakova (2002)
Coleoptera	Prionoxystus robiniae (Peck)				Carpenterworm	Acer, Fraxinus pennsylvanica, Populus, Quercus, Salix, Ulmus, Other Species	Low	Keen (1952), Kennedy (1990), Cranshaw (2004) 
Coleoptera	Pseudocneorhinus bifasciatus Roelofs- Exotic				Japanese Weevil	Berberis, Bidens, Camellia, Cornus, Fragaria, Fraxinus, Ilex, Kalmia latifolia, Ligustrum, Pteridophyta, Rhododendron, Rosa, Spirea, Syringa, Tsuga, Ulmus, Wrigela 	Low	Baker et al. (1980)
Coleoptera	Rosalia funebris Motschulsky				Banded Alder Borer	Acer, Alnus, Fraxinus, Platanus, Quercus, Salix, Umbellularia californica	Low	Keen (1952), Linsley (1964), Furniss and Carolin (1977) 
Coleoptera	Rhizopertha dominica (Fabricius)				Lesser Grain Borer	Carya, Fraxinus, Quercus, Other Stored Grain Products 	Low	Craighead (1949), Edde et al. (2006)
Coleoptera	Saperda lateralis Fabricius				Red-edged Saperda	Acer, Alnus, Carpinus, Carya, Fraxinus, Hamamelis, Prunus, Quercus, Rhus, Sambucus, Tilia americana, Toxicodendron radicans, Ulmus	Low	Felt (1918), Linsley and Chemsak (1995), Lingafelter (2007)
Coleoptera	Scotobates calcaratus F.					Acer, Carya, Betula, Castanea dentata, Diospyros, Fraxinus, Grindelia, Liriodendron tulipifera, Pinus, Quercus	Low	Craighead (1949)
Coleoptera	Stenocorus schaumii (LeConte)					Acer, Amelanchier, Fagus grandifolia, Fraxinus, Juglans nigra, Other Species	Low	Linsley and Chemsak (1972), Yanega (1996), Lingafelter (2007) 
Coleoptera	Thysanocnemis bischoffi Blatchley				Ash Seed Weevil	Fraxinus americana	High	Knull (1932), Ives and Wong (1988) 
Coleoptera	Thysanocnemis fraxini LeConte				Ash Seed Weevil	Fraxinus	High	Ives and Wong (1988)
Coleoptera	Thysanocnemis helvola LeConte				Ash Seed Weevil	Fraxinus	High	Ives and Wong (1988)
Coleoptera	Tylonotus bimaculatus Haldeman				Ash and Privet Borer	Betula, Carya, Fraxinus americana, Fraxinus nigra, Fraxinus pennsylvanica, Fraxinus velutina, Juglans nigra, Juglans cinerea, Ligustrum, Liriodendron tulipifera, Ulmus	Low	Craighead (1949), Linsley (1962), Solomon (1995), Yanega (1996), Vlasak and Vlasakova (2002), Lingafelter (2007)
Coleoptera	Uloma imberbis LeConte					Acer, Betula, Carya, Castanea dentata, Diospyros, Fraxinus, Grindelia, Liriodendron tulipifera Quercus	Low	Craighead (1949)
Coleoptera	Urographis fasciatus (DeGeer)					Acer, Betula, Fagus grandifolia, Fraxinus, Quercus 	Low	Vlasak and Vlasakova (2002)
Coleoptera	Xyleborus dispar (Fabricius)- Exotic				European Shot-hole Borer/ Pear Blight Beetle	Acacia, Acer, Alnus, Betula, Castanea dentata, Cedrus, Corylus, Crataegus, Cydonia oblonga, Fagus grandifolia, Fraxinus, Juglans, Liriodendron tulipifera, Malus domestica, Platanus, Pinus, Populus, Prunus (including Prunus armeniaca, Prunus persica, Prunus persica variety nectarina), Punica granatum, Pyrus, Quercus, Salix, Tsuga, Ulmus, Vitis vinifera, Other Species	Low	Solomon (1995)
Coleoptera	Xyleborus ferrugineus (Fabricius)				Cosmopolitan Ambrosia Beetle	Acer, Betula, Carya, Castanea dentata, Fagus grandifolia, Fraxinus, Juglans, Liquidambar, Nyssa aquatica, Pinus, Quercus, Taxodium distichum, Other Species	Low	Solomon (1995)
Coleoptera	Xyleborus sayi (Hopkins)				Eastern Twig Ambrosia Beetle	Acer rubra, Acer saccharum, Betula, Carpinus caroliniana, Carya, Castanea dentata, Cornus, Fraxinus, Juglans Kalmia latifolia, Lindera benzoin, Nyssa, Quercus rubra, Sassafras, Tilia americana	Low	Solomon (1995)
Coleoptera	Xylobiops basilaris (Say)				Red-shouldered Bostrichid	Fraxinus, Carya (including Carya illinoinensis), Cercis, Conifers, Diospyros, Eucalytpus, Gleditsia or Robinia (locust), Gleditsia triacanthos, Maclura pomifera, Malus domestica, Morus, Prunus persica, Pyrus, Quercus, Robinia pseudoacacia, Toxicodendron vernix, Toxicodendron radicans, Vines	Low	Solomon (1995)
Coleoptera	Xylopinus aenescens LeConte					Acer, Betula, Carya, Castanea dentata, Diospyros, Fraxinus, Grindelia, Liriodendron tulipifera, Quercus 	Low	Craighead (1949)
Coleoptera	Xylopinus saperdioides Oliv.					Acer, Betula, Carya, Castanea dentata, Diospyros, Fraxinus, Grindelia, Liriodendron tulipifera, Quercus	Low	Craighead (1949)
Coleoptera	Xylosandrus germanus (Blandford)- Exotic				Black Stem Borer	Acer rubra, Aesculus glabra, Betula, Carpinus, Carya (including Carya illinoinensis), Cedrus, Cercis, Cornus, Fagus grandifolia, Fraxinus, Liquidambar, Liriodendron tulipifera, Juglans cinerea, Juglans,  nigra, Malus domestica, Myrica, Nyssa, Pinus, Prunus serotina, Pyrus, Quercus, Rhododendron, Rhus, Salix, Sassafras, Tilia, Toxicodendron radicans, Tsuga, Ulmus, Vitis vinifera, Other Species 	Low	Solomon (1995)
Coleoptera	Xyloterinus politus (Say)				Beech Timber Beetle	Acer, Alnus, Betula, Carya, Castanea dentata, Fagus grandifolia , Fraxinus, Magnolia, Picea, Pinus, Populus, Prunus serotina, Quercus, Tsuga, Ulmus	Low	Solomon (1995)
Coleoptera	Xylotrechus colonus (Fabricius)					Acer, Carya, Castanea dentata, Fagus grandifolia , Fraxinus, Juglans, Quercus alba, Quercus nigra, Tsuga canadensis, Ulmus, Other Species	Low	Linsley (1964)
Diptera	Bradysia coprophila (Lint.)				Fungus Gnat	Fraxinus latifolia, Decaying Organic Matter, Quercus lobata, Other Species	Low	Keen (1958), Virginia Cooperative Extension (1996)
Diptera	Cecidomyia pellex (Osten Sacken) 				Ash Bullet Gall	Fraxinus americana	High	Felt (1918), Craighead (1949), Cranshaw (2004) 
Diptera	Continaria canadensis Felt				Ash Midrib Gall Midge	Fraxinus americana	High	Felt (1918), Craighead (1949), Ives and Wong (1988), Johnson and Lyon (1988), Hiratsuka et al. (1995), Cranshaw (2004)
Diptera	Dasineura spp.				Leafroll Midges	Fraxinus	High	Solomon et al. (1993)
Diptera	Dasineura apicata Felt				Ash Bud Gall	Fraxinus americana	High	Felt (1918)
Diptera	Dasineura fraxinifolia Felt					Fraxinus americana	High	Felt (1918)
Diptera	Colpodia temeritatis Felt					Fraxinus americana	High	Felt (1918)
Diptera	Lasioptera fraxiniflora Felt					Fraxinus americana	High	Felt (1918)
Diptera	Lestodiplosis fraxinifolia Felt					Fraxinus americana	High	Felt (1918)
Diptera	Phytobia spp.				Ash Cambium Miner	Fraxinus americana,  Fraxinus pennsylvanica 	High	Solomon et al. (1993), Solomon (1995)
Diptera	Phytophaga fraxini Felt				Ash Petiole Midge	Fraxinus americana	High	Felt (1918)
Diptera	Rhizomyia fraxinifolia Felt					Fraxinus	High	Felt (1918)
Hemiptera	Acanalonia conica (Say)				Flatid Planthopper	Acer negundo, Alnus glutinosa, Cercis, Cornus, Fraxinus, Juglans nigra, Liquidambar, Morus, Robinia pseudoacacia, Sassafras 	Low	Johnson and Lyon (1988), Solomon et al. (1993)
Hemiptera	Anormenis septentrionalis (Spinola)				Flatid Planthopper	Fraxinus, Juglans nigra, Platanus 	Moderate	Solomon et al. (1993), Leininger et al. (1999), Weber et al. (unknown date)
Hemiptera	Aspidiotus ancylus (Putn.)				Putnam Scale	Acer, Celtis occidentalis, Fagus grandifolia, Fraxinus, Populus, Robinia pseudoacacia, Tilia americana	Low	Craighead (1949)
Hemiptera	Asterolecanium arabidis (Signoret)				English Ivy Scale/ Pitmaking Pittosproum Scale	Fraxinus pennsylvanica, Hedera helix, Ligustrum, Philadelphus, Pittosporum tobira, Other Species	Low	Craighead (1949), Johnson and Lyon (1988), Cranshaw (2004) 
Hemiptera	Banasa dimidiata (Say)				Banasa Stink Bug	Betula, Fraxinus, Quercus, Other Species	Low	Ives and Wong (1988)
Hemiptera	Chionaspis furfura (Fitch)				Scurfy Scale	Acer, Carya, Fraxinus, Juglans nigra, Populus, Prunus, Salix, Ulmus laevis, Other Species	Low	Craighead (1949), Ives and Wong (1988), Hiratsuka et al. (1995)
Hemiptera	Corythucha ciliata (Say)				Sycamore Lacebug	Carya, Fraxinus, Morus, Platanus 	Low	Craighead (1949), Johnson and Lyon (1988)
Hemiptera	Lecanium corni (Bouché) 				European Fruit Lecanium/ Brown Elm Scale	Acer, Buxus, Carya, Celtis occidentalis, Cercis, Crataegus, Fagus grandifolia, Fraxinus, Gleditsia or Robinia (locust), Juglans cinerea, Juglans nigra, Maclura pomifera, Magnolia, Melia azedarach, Morus, Populus, Quercus, Salix, Sassafras, Thuja, Ulmus	Low	Craighead (1949), Solomon et al. (1993)  
Hemiptera	Lecanodiaspsis prosopidis				Common Falsepit Scale	Gleditsia triacanthos, Fraxinus, Morus, Rhododendron	Low	Cranshaw (2004)
Hemiptera	Lepidosaphes ulmi (L.)- Exotic				Oystershell Scale	Acer,  Aesculus Hippocastanum, Betula, Cotoneaster, Cornus, Fagus grandifolia, Fraxinus americana, Fraxinus nigra, Fraxinus pennsylvanica, Juglans, Liriodendron tulipifera, Malus domestica, Pachysandra, Parthenocissus quinquefolia, Platanus, Populus (including Populus deltoides), Prunus, Pyrus, Salix, Sorbus, Syringa, Tilia, Ulmus, Viburnum, Other Species	Low	Craighead (1949), Johnson and Lyon (1988), Kennedy (1990), Solomon et al. (1993), Cranshaw (2004) 
Hemiptera	Leptocoris trivittatus (Say)				Boxelder Bug	Acer macrophyllum, Acer negundo, Fraxinus, Other Acer Species	Low	Furniss and Carolin (1977), Ives and Wong (1988) 
Hemiptera	Leptoypha costata Parshley				Ash Lace Bug	Corylus, Fraxinus, Hamamelis	Moderate	Drake (1925), Usinger (1946), Johnson and Lyon (1988)
Hemiptera	Leptoypha elliptica McAtee				Ash Lace Bug	Fraxinus, Ilex	High-Moderate	Usinger (1946)
Hemiptera	Leptoypha ilicis Drake				Ash Lace Bug	Forestiera, Fraxinus 	High-Moderate	Usinger (1946), Wheeler (unknown year)
Hemiptera	Leptoypha nubilis Drake				Ash Lace Bug	Ceanothus, Fraxinus 	High-Moderate	Usinger (1946)
Hemiptera	Leptoypha mcateei Drake				Ash Lace Bug	Fraxinus, Osmanthus, Xolisma	Moderate	Usinger (1946)
Hemiptera	Leptoypha minor McAtee				Arizona Ash Tingid	Fraxinus latifolia, Fraxinus velutina, Olea europaea, Populus candicans 	Moderate	Usinger (1946), Furniss and Carolin (1977), Johnson and Lyon (1988)
Hemiptera	Leptoypha mutica (Say)				Ash Lace Bug	Chionanthus, Fraxinus americana	High-Moderate	Froeschner (1944), Usinger (1946)
Hemiptera	Metcalfa pruinosa (Say)				Flatid Planthopper	Acer, Betula, Camellia, Carya (including Carya illinoinensis), Cercis, Coccoloba uvifera, Cornus, Fraxinus, Ilex, Juglans nigra, Ligustrum, Magnolia, Prunus (including Prunus persica), Quercus, Rhododendron, Tilia, Ulmus, Viburnum, Other Species	Low	Johnson and Lyon (1988), Solomon et al. (1993), Weber et al. (unknown date)
Hemiptera	Prociphilus americanus (Walker)					Abies, Fraxinus 	High-Moderate	Johnson and Lyon (1988), DeAngelis (1998), Cranshaw (2004) 
Hemiptera	Prociphilus fraxinifolii (Riley) 				Woolly Ash Aphid/ Leafcurl Ash Aphid	Fraxinus	High	Solomon et al. (1993), Cranshaw (2004)
Hemiptera	Pseudaulacaspis pentagona (Targioni-Tozzetti)				White Peach Scale	Catalpa, Fraxinus, Ligustrum, Melia azedarach, Morus, Other Species	Low	Solomon et al. (1993), Cranshaw (2004)
Hemiptera	Pseudococcus maritimus (Ehrhorn)				Vitis vinifera Mealybug	Fraxinus pennsylvanica, Vitis vinifera, Other Species	Low	Cranshaw (2007), Tree Fruit Research and Extension Center (unknown date)
Hemiptera	Pulvinaria vitis L.				Cottony Maple Scale	Acer (including Acer negundo), Aralia elata, Fraxinus americana, Morus rubra, Platanus, Robinia pseudoacacia	Low	Craighead (1949)
Hemiptera	Psyllopsis fraxinicola Forst.				Ash Psyllid	Fraxinus	High	Felt (1918)
Hemiptera	Quadraspidiotus juglansregiae (Comstock)- Exotic				Walnut Scale	Acer, Betula, Buxus, Cotoneaster, Cornus, Crataegus, Fraxinus, Juglans, Ligustrum, Pyracantha, Rosa, Sorbus, Tilia, Other Species	Low	Johnson and Lyon (1988), Cranshaw (2004)
Hemiptera	Saissetia oleae (Olivier)				Black Scale	Acer, Ananas comosus, Aralia, Arbutus unedo, Arecaceae, Artemisia, Asparagus densiflorus, Camellia, Cedrus deodara, Cestrum, Chaenomelea japonica, Choisya ternata, Citrus, Croton, Duranta, Eucalyptus, Fagus grandifolia, Ficus, Fraxinus dipetala, Fuchsia, Gleditsia triacanthos, Grevillea, Grewia, Guava, Hibiscus syriacus, Ilex, Jasminum, Juniperus communis, Juglans regia, Ligustrum, Malus domestica, Magnolia, Myrtle, Nerium oleander, Olea europaea, Pittosporum, Platanus, Populus, Pyrus, Rhamnus, Robinia pseudoacacia, Rosa, Schinus, Solanum, Sumac, Torreya californica, Umbellularia californica, Vitis vinifera	Low	Johnson and Lyon (1988)
Hemiptera	Siphonius phillyreae (Haliday)- Exotic				Ash Whitefly	Amelanchier, Cercis occidentalis, Fraxinus, Lagerstroemia indica, Ligustrum, Liriodendron tulipifera, Malus, Morus, Pyracantha, Syringa 	Low	Cranshaw (2004)
Hemiptera	Stictocephala bisonia Kopp & Yonke				Buffalo Treehopper	Acer, Fraxinus, Gleditsia or Robinia (locust), Malus, Crataegus, Malus domestica, Prunus (including Prunus persica), Populus, Quince, Ulmus, Other Species	Low	Johnson and Lyon (1988), Cranshaw (2004)
Hemiptera	Tetraleurodes mori (Quaint.)				Mulberry Whitefly	Acer, Cornus, Fraxinus, Kalmia latifolia, Morus	Low	Craighead (1949)
Hemiptera	Trialeurodes vaporariorum (Westwood)				Greenhouse Whitefly	Arbutus menziesii, Berberis, Ceanothus, Cercis, Cornus, Fraxinus, Fuchsia, Gleditsia triacanthos, Hibiscus, Lantana, Liquidambar, Manzanita, Platanus, Rhamnus (including Rhamnus cailfornica), Robinia pseudoacacia, Rosa, Other Species	Low	Furniss and Carolin (1977), Johnson and Lyon (1988)
Hemiptera	Triphelps tristicolor White					Fraxinus latifolia, Predatory on Insects (scales, aphids, mites)	Low	Keen (1958)
Hemiptera	Tropidosteptes amoenus (Reuter)				Ash Plant Bugs	Fraxinus pennsylvanica	High	Craighead (1949), Ives and Wong (1988), Johnson and Lyon (1988), Solomon et al. (1993), Hiratsuka et al. (1995), Cranshaw (2004) 
Hemiptera	Tropidosteptes brooksi Kelton				Ash Plant Bugs	Fraxinus	High	Johnson and Lyon (1988), Cranshaw (2004)
Hemiptera	Tropidosteptes cardinalis Uhler				Ash Plant Bugs	Fraxinus	High	Solomon et al. (1993)
Hemiptera	Tropidosteptes illitus (Van Duzee)				Ash Plant Bugs	Fraxinus velutina	High	Usinger (1945), Furniss and Carolin (1977), Johnson and Lyon (1988), Solomon et al. (1993)
Hemiptera	Tropidosteptes pacificus (Van Duzee)				Ash Plant Bugs	Fraxinus latifolia, Fraxinus velutina	High	Usinger (1945), Furniss and Carolin (1977), Johnson and Lyon (1988), Solomon et al. (1993), Cranshaw (2004) 
Hemiptera	Tropidosteptes tricolor Van Duzee				Ash Plant Bugs	Fraxinus	High	Solomon et al. (1993)
Hymenoptera	Eupareophora parca (Cresson)				Spiny Ash Sawfly	Carya illinoinensis, Fraxinus americana, Fraxinus nigra, Fraxinus pennsylvanica, 	High-Moderate	Ives and Wong (1988), Solomon et al. (1993), Williams (2006)
Hymenoptera	Eurytoma spp.					Fraxinus latifolia	High	Keen (1958)
Hymenoptera	Macrophya punctumalbum (Linnaeus)- Exotic					Ligustrum ovalifolium, Ligustrum vulgare, Fraxinus pennsylvanica, Syringa	Low	Johnson and Lyon (1988)
Hymenoptera	Megachile spp.				Leafcutter Bees	Fraxinus, Parthenocissus quinquefolia, Rhododendron, Rosa, Syringa, Other Species	Low	Johnson and Lyon (1988), Cranshaw (2004)
Hymenoptera	Tethida barda (Say)				Blackheaded Ash Sawfly	Fraxinus americana, Fraxinus pennsylvanica, Fraxinus profunda 	High	Kennedy (1990), Solomon et al. (1993), Cranshaw (2004) 
Hymenoptera	Tethida cordigera (Beauvois)				Blackheaded Ash Sawfly	Fraxinus americana, Fraxinus pennsylvanica 	High	Ives and Wong (1988), Johnson and Lyon (1988)
Hymenoptera	Tomostethus multicinctus (Rohwer)				Brownheaded Ash Sawfly	Fraxinus americana, Fraxinus pennsylvanica	High	Craighead (1949), Ives and Wong (1988), Kennedy (1990), Solomon et al. (1993), Cranshaw (2004) 
Hymenoptera	Tremex columba (Linnaeus)				Pigeon Tremex	Acer, Carya, Celtis occidentalis, Fagus grandifolia, Fraxinus pennsylvanica, Malus domestica , Platanus, Populus, Pyrus, Quercus, Ulmus	Low	Solomon (1995), Cranshaw (2005)
Hymenoptera	Trichiosoma triangulum Kirby					Betula, Fraxinus, Populus, Prunus avium, Salix 	Low	Cranshaw (2004)
Lepidoptera	Abagrotis alternata (Grote)				Greater Red Dart	Fraxinus, Malus domestica , Prunus (including Prunus persica), Quercus, Other Species	Low	Covell (2005)
Lepidoptera	Achatia distincta Hübner				Distinct Quaker	Acer, Betula, Fraxinus americana, Hamamelis, Juglans (including Juglans cinerea), Malus domestica, Nyssa sylvatica, Ostrya virginiana, Prunus, Quercus, Rubus, Vaccinium, Viburnum, Vitis vinifera, Other Species	Low	Rings and Downer (2001), Wagner (2005), Robinson et al. (2007)
Lepidoptera	Acrobasis caryivorella Ragonot					Carpinus caroliniana, Carya (including Carya illinoinensis), Fraxinus pennsylvanica, Juglans nigra, Other Species	Low	Robinson et al. (2007)
Lepidoptera	Acronicta americana (Harris)				American Dagger Moth	Acer (including Acer negundo), Aesculus hippocastanum, Alnus, Betula, Carpinus caroliniana, Carya, Cercis, Corylus, Castanea dentata, Fraxinus pennsylvanica, Juglans, Platanus, Populus, Quercus (including Quercus macrocarpa), Salix, Tilia americana, Ulmus, Other Species	Low	Rings and Downer (2001), Covell (2005), Wagner (2005), Robinson et al. (2007)
Lepidoptera	Acronicta impleta Walker				Yellow-haired Dagger Moth	Acer, Alnus, Betula, Carya, Cornus, Fraxinus, Juglans, Liquidambar, Prunus, Quercus, Salix, Sassafras, Sorbus, Vaccinium, Ulmus, Other Species	Low	Wagner (2005)
Lepidoptera	Acronicta radcliffei (Harvey)				Radcliff's Dagger Moth	Amelanchier, Betula, Fraxinus, Prunus cerasus, Prunus serotina, Prunus virginiana, Salix, Ulmus	Low	Rings and Downer (2001)
Lepidoptera	Adita chionanthi (J.E. Smith)				Fringe-tree Sallow	Chionanthus virginicus, Fraxinus americana, Fraxinus nigra, Fraxinus pennsylvanica, Triosteum 	Moderate	Wagner et al. (1997), Covell (2005), Robinson et al. (2007), Wagner (2007)
Lepidoptera	Albuna fraxini (Henry Edwards)				Clearwing Moth	Fraxinus americana, Fraxinus excelsior, Fraxinus pennsylvanica, Parthenocissus quinquefolia, Sorbus	Low	Rings and Downer (2001), Robinson et al. (2007)
Lepidoptera	Alsophila pometaria (Harris)				Fall Cankerworm	Acer negundo, Acer rubra, Acer saccharum, Betula papyrifera, Fagus grandifolia, Fraxinus americana, Fraxinus nigra, Fraxinus pennsylvanica, Prunus serotina, Quercus alba, Quercus macrocarpa, Quercus rubra, Tilia americana, Ulmus 	Low	Ives and Wong (1988), Cranshaw (2004), Robinson et al. (2007)
Lepidoptera	Amphipyra pyramidoides Guenée					Acer, Betula, Fraxinus pennsylvanica, Other Species	Low	Robinson et al. (2007)
Lepidoptera	Anacamptodes ephyraria (Walker)				Pale-winged Gray	Abies balsamea, Acer negundo, Betula, Fraxinus americana, Fraxinus pennsylvanica, Prunus virginiana, Ribes, Salix, Tsuga, Ulmus	Low	Ives and Wong (1988), Rings and Downer (2001), Covell (2005), Robinson et al. (2007)
Lepidoptera	Anavitrinelia pampinaria (Guenée)				Common Gray	Fraxinus, Gossypium, Malus domestica, Populus, Pyrus, Salix, Trifolium, Ulmus 	Low	Rings and Downer (2001), Covell (2005)
Lepidoptera	Antaeotricha leucillana (Zeller)				Well-marked Fruit Worm	Acer, Betula, Fraxinus americana, Populus, Quercus, Salix, Tilia americana, Ulmus	Low	Rings and Downer (2001), Covell (2005), Robinson et al. (2007)
Lepidoptera	Antheraea polyphemus (Cramer)				Polyphemus Moth	Acer, Betula, Carya, Cornus, Corylus, Fraxinus, Malus domestica, Pinus, Quercus, Rosa Family, Salix, Ulmus, Vitis vinifera, Other Species	Low	Rings and Downer (2001), Covell (2005), Wagner (2005) 
Lepidoptera	Apatelodes torrefacta (J. E. Smith)				Spotted Apatelodes	Acer, Carpinus caroliniana, Carya, Corylus, Fraxinus, Hamamelis, Juglans, Prunus, Quercus, Ribes, Sassafras, Salix, Other Species	Low	Rings and Downer (2001), Covell (2005), Wagner (2005)
Lepidoptera	Archips argyrospila (Walker)				Fruit Tree Leaf roller	Acer (including Acer negundo), Aesculus hippocastanum, Carya, Castanea dentata, Fraxinus, Gleditsia or Robinia (locust), Gleditsia triacanthos, Juglans, Maclura pomifera, Malus (including Malus domestica), Populus, Quercus, Salix, Sassafras, Tilia, Ulmus 	Low	Craighead (1949), Cranshaw (2004) 
Lepidoptera	Archips cerasivorana (Fitch)					Acer, Betula, Fraxinus pennsylvanica, Populus, Other Species	Low	Robinson et al. (2007)
Lepidoptera	Automeris io (Fabricius)				Io Moth	Abies balsamea, Acer, Betula, Fagus grandifolia, Fraxinus americana, Fraxinus nigra, Fraxinus pennsylvanica, Platanus, Populus, Quercus, Rosa, Salix, Tilia, Ulmus, Other Species	Low	Johnson and Lyon (1988), Robinson et al. (2007)
Lepidoptera	Baileya dormitans (Guenée)				Sleeping Baileya/ Pale Baileya	Carpinus caroliniana, Carya, Fraxinus, Juglans cinerea, Juglans nigra, Ostrya virginiana	Low	Rings and Downer (2001), Wagner et al. (1997)
Lepidoptera	Callosamia promethea (Drury)				Promethea Moth/ Spicebush Silkmoth	Acer, Betula, Cephalanthus occidentalis, Fraxinus americana, Fraxinus pennsylvanica, Halesia carolina, Laurus nobilis or Magnolia virginiana (sweetbay), Lindera benzoin, Liquidambar, Liriodendron tulipifera, Magnolia, Malus domestica, Prunus, Sassafras, Symplocos tinctoria, Syringa, Tilia americana, Other Species	Low	Craighead (1949), Rings and Downer (2001), Cranshaw (2004), Covell (2005), Wagner (2005), Wagner et al. (1997), Robinson et al. (2007)
Lepidoptera	Caloptilia syringella (Fabricius)**- Exotic				Lilac Leafminer	Deutzia, Eunymus, Fraxinus nigra, Ligustrum, Syringa 	Low	Furniss and Carolin (1977), Johnson and Lyon (1988), Hiratsuka et al. (1995), Cranshaw (2004), Wagner (2007) 
Lepidoptera	Caloptilia fraxinella (Ely)				Leaf Roller	Fraxinus americana, Fraxinus mandshurica, Fraxinus nigra, Fraxinus pennsylvanica, Ligustrum, Pyrus 	Low	Johnson and Lyon (1988), Wagner (2007), Robinson et al. (2007),  Pohl et al. (2004)
Lepidoptera	Catocala habilis Grote					Carya ovata, Fraxinus pennsylvanica, Juglans cinerea, Juglans nigra 	Low	Robinson et al. (2007)
Lepidoptera	Catocala piatrix Grote				The Penitent	Carya (including Carya illinoinensis), Diospyros, Fraxinus, Juglans (including Juglans cinerea)	Low	Covell (2005)
Lepidoptera	Catocala ultronia (Hübner)					Fraxinus pennsylvanica, Malus, Prunus serotina, Quercus, Other Species	Low	Robinson et al. (2007)
Lepidoptera	Ceratomia undulosa (Walker)				Waved Sphinx Moth	Chionanthus virginicus, Crataegus, Fraxinus americana, Fraxinus caroliniana, Fraxinus excelsior, Fraxinus nigra, Fraxinus pennsylvanica, Ligustrum, Quercus, Syringa, Other Species 	Low	Craighead (1949), Solomon et al. (1993), Wagner et al. (1997), Rings and Downer (2001),  Cranshaw (2004), Covell (2005), Wagner (2005, 2007), Robinson et al. (2007)  
Lepidoptera	Choristoneura rosaceana (Harris)					Acer, Aesculus hippocastanum, Betula, Cotoneaster, Cornus, Corylus, Crataegus, Fraxinus americana, Malus domestica, Picea, Pinus, Platanus, Populus, Prunus, Pyracantha, Quercus, Rhododendron, Rosa, Salix, Sorbus, Syringa, Tilia (including Tilia americana), Tsuga, Other Species	Low	Johnson and Lyon (1988), Robinson et al. (2007)
Lepidoptera	Citheronia regalis (Fabricius)				Hickory Horned Devil/ Royal or Regal Walnut Moth	Carya (including Carya illinoinensis), Diospyros, Fraxinus americana, Gossypium, Grindelia, Juglans (including Juglans cinerea), Liquidambar, Platanus, Prunus, Rhus, Syringa, Other Species	Low	Rings and Downer (2001), Covell (2005), Wagner (2005), Robinson et al. (2007)
Lepidoptera	Copivaleria grotei Morrison				Grote’s Sallow	Fraxinus americana	High	Rings and Downer (2001), Covell (2005), Wagner (2007), Robinson et al. (2007)
Lepidoptera	Crocigrapha normani (Grote)				Norman's Quaker	Acer, Betula, Carpinus caroliniana, Corylus, Fraxinus americana, Fraxinus pennsylvanica, Hamamelis, Malus domestica, Ostrya virginiana, Populus, Prunus (including Prunus cerasifera, Prunus pensylvanica), Quercus, Rosa, Salix, Ulmus, Vaccinium, Other Species	Low	Rings and Downer (2001), Wagner (2007), Robinson et al. (2007)
Lepidoptera	Cydia ingrata (Heinrich)					Acer, Fraxinus pennsylvanica, Picea, Pinus, Other Species	Low	Robinson et al. (2007)
Lepidoptera	Datana ministra (Drury)					Acer, Betula, Castanea dentata, Fraxinus quadrangulata, Other Species	Low	Robinson et al. (2007)
Lepidoptera	Ectropis crepuscularia (Denis and Schiffermüller)				Saddleback Looper/ The Small Engrailed	Abies, Acer, Betula, Comptonia peregrina, Cornus, Euonymus, Fraxinus pennsylvanica, Hamamelis, Juglans, Larix, Malus domestica, Picea, Populus, Prunus, Pyrus, Quercus, Ribes, Salix, Vaccinium, Tsuga, Other Species	Low	Wagner (2005), Robinson et al. (2007)
Lepidoptera	Ennomos magnaria Guenée				Maple Spanworm	Acer, Alnus, Betula (including Betula alleghaniensis), Carya, Castanea dentata, Fagus grandifolia, Fraxinus americana, Fraxinus pennsylvanica, Ilex, Populus, Quercus, Salix, Tilia americana, Ulmus, Other Species	Low	Craighead (1949), Rings and Downer (2001), Covell (2005), Wagner (2005), Wagner et al. (2007), Robinson et al. (2007) 
Lepidoptera	Ennomos subsignaria (Hübner)				Elm Spanworm	Acer rubra, Aesculus, Betula, Carya, Fagus grandifolia, Fraxinus nigra, Fraxinus pennsylvanica, Hamamelis, Malus domestica, Ostrya virginiana, Populus, Quercus, Salix, Tilia americana, Ulmus, Viburnum, Other Species	Low	Ives and Wong (1988), Johnson and Lyon (1988), Cranshaw (2004), Wagner (2005), Robinson et al. (2007)
Lepidoptera	Erannis tiliaria (Harris) 				Linden Looper/ Winter Moth	Acer, Amelanchier, Betula, Carpinus caroliniana, Carya, Corylus, Fagus grandifolia, Fraxinus americana, Malus domestica, Populus, Prunus, Quercus, Ribes, Rosa, Salix, Tilia americana, Ulmus, Vaccinium, Other Species	Low	Covell (2005), Wagner (2005), Robinson et al. (2007)
Lepidoptera	Euchlaena effecta (Walker)					Fraxinus americana, Prunus serotina, Prunus virginiana, Rosa, Salix, Other Species	Low	Robinson et al. (2007)
Lepidoptera	Euchlaena johnsonaria (Fitch)				Johnson's Euchlaena 	Betula papyrifera, Crataegus, Fraxinus americana, Prunus, Quercus, Salix, Ulmus laevis 	Low	Rings and Downer (2001), Covell (2005), Robinson et al. (2007)
Lepidoptera	Euchlaena marginaria (Minot)				 	Betula, Fraxinus americana, Salix, Ulmus, Other Species	Low	Robinson et al. (2007)
Lepidoptera	Euclea delphinii (Boisduval)				Spiny Oak-Slug	Acer, Betula, Castanea dentata, Carya, Celtis occidentalis, Fagus grandifolia, Fraxinus, Malus domestica, Platanus, Populus, Prunus, Quercus, Salix, Tilia americana, Vaccinium, Other Species	Low	Wagner (2005)
Lepidoptera	Eupackardia calleta (Westwood)				Calleta Silkmoth	Acacia greggii, Ceniza, Fraxinus velutina, Ligustrum, Mesquite, Ocotillo, Prunus, Salvia dorrii, Schinus, Salix, Other Species	Low	Covell (2005), Wagner (2005), Robinson et al. (2007)
Lepidoptera	Euphydryas phaeton (Drury)				Baltimore Checkerspot Butterfly	Fraxinus americana, Other Species	Low	Robinson et al. (2007)
Lepidoptera	Euproctis chrysorrhoea (Linnaeus)- Exotic				Brown-tailed Moth	Acer, Betula, Fraxinus americana, Other Species	Low	Robinson et al. (2007)
Lepidoptera	Eutrapela clemataria (J.E. Smith)				Purplish-brown Looper/ Curved-tooth Geometer	Abies, Acer, Betula, Ceanothus americanus, Cornus, Fraxinus pennsylvanica, Juglans, Liquidambar, Myrica (Gale), Populus, Prunus, Quercus, Ribes, Salix, Sambucus, Ulmus, Vaccinium, Viburnum, Tilia americana, Tsuga, Other Species	Low	Rings and Downer (2001), Covell (2005), Wagner (2005), Robinson et al. (2007)
Lepidoptera	Halysidota tessellaris (J. E. Smith)				Banded Tussock Moth/ Pale Tussock Moth	Acer negundo, Alnus, Betula, Carya, Castanea dentata, Celtis occidentalis, Corylus, Fagus grandifolia, Fraxinus americanus, Fraxinus pennsylvanica, Juglans, Liriodendron tulipifera, Malus domestica, Platanus, Prunus virginiana, Quercus, Salix, Vaccinium, Vitis vinifera, Ulmus americana, Ulmus pumila, Other Species	Low	Johnson and Lyon (1988), Rings and Downer (2001), Covell (2005), Wagner (2005), Robinson et al. (2007)
Lepidoptera	Haploa colona (Hübner)				Colona Moth	Celtis occidentalis, Fraxinus, Malus domestica, Prunus persica, Ulmus, Other Species	Low	Covell (2005)
Lepidoptera	Haploa confusa (Lyman)					Betula, Fraxinus nigra, Populus, Salix, Other Species	Low	Robinson et al. (2007)
Lepidoptera	Harrisimemna trisignata (Walker)				Harris's Three Spot	Ceanothus, Cephalanthus occidentalis, Diospyros, Fraxinus, Ilex, (including Ilex verticillata), Lonicera, Malus domestica, Prunus, Salix, Syringa, Vaccinium, Viburnum, Other Species	Low	Rings and Downer (2001), Wagner (2005)
Lepidoptera	Heterocampa guttivitta (Walker)					Acer, Betula, Fraxinus americanus, Fraxinus pennsylvanica, Other Species	Low	Robinson et al. (2007)
Lepidoptera	Homoncocnemis fortis (Groté)					Fraxinus latifolia,  Keckiella antirrhinoides 	High-Moderate	Furniss and Carolin (1977), Robinson et al. (2007), Wagner (2007)
Lepidoptera	Hyalophora cecropia (Linnaeus)				Cecropia Moth	Acer negundo,  Alnus, Betula (including Betula papyrifera), Cornus, Crataegus, Fagus grandifolia, Fraxinus americanus, Fraxinus pennsylvanica, Larix, Malus domestica, Populus, Prunus (including Prunus avium), Quercus (including Quercus alba), Ribes, Rosa, Salix, Sambucus, Sassafras, Syringa, Ulmus laevis, Vitis vinifera, Other Species	Low 	Craighead (1949), Keen (1952), Furniss and Carolin (1977), Ives and Wong (1988), Hiratsuka et al. (1995), Rings and Downer (2001), Cranshaw (2004), Covell (2005), Wagner (2005), Robinson et al. (2007)
Lepidoptera	Hypagyrtis unipunctata (Haworth) 				One-spotted Variant	Acer, Alnus, Amelanchier, Betula, Carya, Cornus, Corylus, Fraxinus pennsylvanica, Juglans, Ostrya virginiana, Platanus, Populus, Prunus, Quercus, Salix, Vaccinium, Ulmus, Tilia americana, Other Species	Low	Wagner (2005), Robinson et al. (2007)
Lepidoptera	Hyphantria cunea (Drury)				Fall Webworm	Acer, Alnus, Arbutus menziesii, Carya (including Carya illinoinensis), Fraxinus americanus, Fraxinus excelsior, Fraxinus nigra, Fraxinus pennsylvanica, Fraxinus velutina, Juglans, Malus (including Malus domestica), Nyssa sylvatica, Populus (including Populus deltoides), Prunus (including Prunus virginiana), Quercus, Salix, Ulmus, Other Species	Low	Furniss and Carolin (1977), Solomon et al. (1993), Rings and Downer (2001), Covell (2005), Wagner (2005), Robinson et al. (2007)
Lepidoptera	Lithophane antennata (Walker)				Ashen Pinion/ Green Fruitworm	Acer, Carya, Fagus grandifolia, Forsythia, Fraxinus, Kalmia latifolia, Malus (including Malus domestica), Prunus, Pyrus, Quercus, Rhododendron, Rosa, Salix, Tilia, Ulmus, Vaccinium, Other Species	Low	Craighead (1949), Johnson and Lyon (1988), Covell (2005), Wagner (2005)
Lepidoptera	Lithophane bethunei (Grote and Robinson)				Bethune's Pinion	Acer, Betula, Carya (including Carya cordiformis), Hamamelis, Fraxinus americanus, Malus (including Malus domestica), Ostrya virginiana, Populus, Quercus rubra, Salix, Ulmus, Tilia americana	Low	Rings and Downer (2001), Covell (2005), Robinson et al. (2007)
Lepidoptera	Lithophane laticinerea Grote					Acer, Betula, Fraxinus americanus, Ulmus, Other Species	Low	Robinson et al. (2007)
Lepidoptera	Lithophane petulca Grote				Wanton Pinion	Alnus, Betula, Fraxinus pennsylvanica, Populus, Salix, Tilia americana, Ulmus 	Low	Rings and Downer (2001), Wagner (2007), Robinson et al. (2007)
Lepidoptera	Lithophane querquera Grote				Shivering Pinion	Carya, Fraxinus, Malus domestica, Prunus, Quercus, Predatory on Insects	Low	Wagner (2005)
Lepidoptera	Lophocampa caryae Harris				Hickory Tussock Moth	Acer, Carpinus caroliniana, Carya (including Carya illinoinensis), Fraxinus americanus, Juglans, Quercus, Salix, Ulmus,  Other Species	Low	Rings and Downer (2001), Covell (2005), Wagner (2007), Robinson et al. (2007)
Lepidoptera	Lophocampa maculata Harris					Acer, Betula, Fraxinus americanus, Fraxinus nigra, Fraxinus pennsylvanica, Other Species	Low	Robinson et al. (2007)
Lepidoptera	Lycia ursaria (Walker)					Acer, Betula, Fraxinus americanus, Populus, Other Species	Low	Robinson et al. (2007)
Lepidoptera	Lymantria dispar (Linnaeus)				Gypsy Moth	Fraxinus americanus, Fraxinus nigra, Fraxinus profunda, Fraxinus quadrangulata, Other Species	Low	Robinson et al. (2007)
Lepidoptera	Machimia tentoriferella Clemens				Gold-striped Leaf Tier	Acer, Fagus grandifolia, Fraxinus americanus, Fraxinus nigra, Quercus, Ulmus, Other Species	Low	Rings and Downer (2001), Covell (2005), Robinson et al. (2007)
Lepidoptera	Malacosoma americanum (Fabricius)				Eastern Tent Caterpillar	Betula, Crataegus, Fraxinus, Malus (including Malus domestica), Populus, Prunus, Salix, Other Species 	Low	Cranshaw (2004)
Lepidoptera	Malacosoma californicum (Packard)				California Tent Caterpillar/ Western Tent Caterpillar	Alnus, Arbutus menziesii, Betula, Ceanothus, Cercis, Corylus, Fraxinus, Heteromeles arbutifolia, Malus domestica, Populus, Prunus (including Prunus armeniaca, Prunus dulcis, Purshia tridentata), Quercus, Rhamnus californica, Ribes, Salix, Other Species	Low	Keen (1952), Johnson and Lyon (1988)
Lepidoptera	Malacosoma disstria Hübner				Forest Tent Caterpillar	Acer saccharum, Alnus, Betula papyrifera, Corymbia calophylla, Fraxinus americanus, Fraxinus nigra, Fraxinus pennsylvanica, Malus domestica, Nyssa sylvatica, Populus, Prunus, Quercus macrocarpa, Salix, Tilia americana, Vaccinium, Ulmus (including Ulmus laevis), Other Species	Low	Craighead (1949), Ives and Wong (1988), Solomon et al. (1993), Rings and Downer (2001), Cranshaw (2004), Wagner (2005), Robinson et al. (2007)
Lepidoptera	Manduca brontes (Drury)					Fraxinus americanus, Fraxinus caroliniana, Fraxinus excelsior 	High-Moderate	Robinson et al. (2007)
Lepidoptera	Manduca jasminearum (Guérin)				Ash Sphinx	Fraxinus, Syringa, Ulmus 	Moderate	Solomon et al. (1993), Rings and Downer (2001), Covell (2005), Robinson et al. (2007), Wagner (2007)
Lepidoptera	Marmara basidendroca Fitzgerald					Fraxinus pennsylvanica	High	Robinson et al. (2007), Wagner (2007)
Lepidoptera	Marmara corticola Fitzgerald					Fraxinus americanus, Fraxinus pennsylvanica 	High	Robinson et al. (2007), Wagner (2007)
Lepidoptera	Marmara fraxinicola Braun				Serpentine Miner	Fraxinus americanus	High	Fitzgerald and Simeone (1971), Robinson et al. (2007), Wagner (2007)
Lepidoptera	Melanchra assimilis (Morrison)				Black Arches	Alnus, Aster, Betula, Comptonia peregrina, Fraxinus americanus, Hypericum perforatum, Larix, Mullein, Pteridium aquilinum, Rubus idaeus, Salix, Solidago canadensis, Other Species	Low	Covell (2005), Wagner (2005), Robinson et al. (2007)
Lepidoptera	Melanolophia canadaria (Guenée)				Canadian Melanolophia	Acer, Alnus, Amelanchier, Betula, Carya, Cornus, Fraxinus americanus, Fraxinus pennsylvanica, Gleditsia triacanthos, Halesia, Larix, Magnolia, Nyssa sylvatica, Pinus, Platanus, Populus, Prunus, Quercus, Rhamnus, Sassafras, Salix, Spirea, Tilia americana, Ulmus, Vaccinium, Viburnum, Other Species	Low	Wagner (2005), Robinson et al. (2007)
Lepidoptera	Metanema determinata Walker				Dark Metanema	Acer rubra, Betula papyrifera, Fraxinus pennsylvanica, Populus, Salix	Low	Rings and Downer (2001), Covell (2005), Robinson et al. (2007)
Lepidoptera	Morrisonia confusa (Hübner)				Confused Woodgrain	Acer, Coniferous Species, Fraxinus, Juglans, Lespedeza thunbergii, Lythrum salicaria, Platanus, Prunus, Quercus, Rhododendron, Salix, Tilia americana, Vaccinium, Other Species	Low	Wagner (2005)
Lepidoptera	Nadata gibbosa (J. E. Smith)					Acer, Betula, Fagus grandifolia, Fraxinus americanus, Populus, Salix, Other Species	Low	Robinson et al. (2007)
Lepidoptera	Nematocampa filamentaria (Guenée)**					Abies balsamea, Acer, Betula, Fraxinus americanus, Fraxinus pennsylvanica, Pinus, Quercus, Salix, Other Species	Low	Robinson et al. (2007)
Lepidoptera	Nematocampa resistaria (Herrich-Schaffer)**				Filament Bearer	Abies, Acer, Aesculus glabra, Alnus, Betula, Carya, Castanea dentata, Ceanothus americanus, Cornus, Corylus, Crataegus, Daucus carota, Fragaria, Fraxinus, Larix, Myrica (gale), Ostrya virginiana, Picea, Platanus, Prunus, Quercus, Salix, Sorbus, Tilia americana, Tsuga, Ulmus, Vaccinium, Other Species	Low	Wagner (2005)
Lepidoptera	Nemoria mimosaria (Guenée)					Abies balsamea, Betula papyrifera, Fraxinus pennsylvanica, Larix, Other Species	Low	Robinson et al. (2007)
Lepidoptera	Olceclostera angelica (Grote)					Fraxinus, Syringa	High-Moderate	Craighead (1949)
Lepidoptera	Orgyia antiqua (Linnaeus)				Rusty Tussock Moth	Alnus, Fraxinus, Populus, Quercus, Salix, Other Species	Low	Keen (1952)
Lepidoptera	Nymphalis antiopa (Linnaeus)					Acer, Betula, Fraxinus americanus, Populus, Salix, Other Species	Low	Robinson et al. (2007)
Lepidoptera	Oiketicus townsendi Townsend					Fraxinus, Gleditsia or Robinia (locust), Platanus, Pyrus, Salix	Low	Johnson and Lyon (1988)
Lepidoptera	Olceclostera angelica (Grote)				The Angel	Fraxinus, Syringa reticulata	High-Moderate	Rings and Downer (2001), Covell (2005), Wagner (2005, 2007), Robinson et al. (2007)
Lepidoptera	Olceclostera seraphica (Dyar)					Catalpa speciosa, Chilopsis linearis, Fraxinus greggii, Fraxinus pennsylvanica, Syringa 	Low	Robinson et al. (2007)
Lepidoptera	Operophtera brumata (Linneaus)					Acer, Betula, Fraxinus americanus, Fraxinus nigra, Populus, Other Species	Low	Robinson et al. (2007)
Lepidoptera	Orgyia leucostigma (J.E. Smith)					Abies balsamea, Acer, Fraxinus americanus, Fraxinus excelsior, Picea, Pinus, Populus, Other Species	Low	Robinson et al. (2007)
Lepidoptera	Orthosia hibisci (Guenée)				Speckled Green Fruitworm	Acer, Aesculus hippocastanum, Betula,  Elaeagnus umbellata, Fraxinus americanus, Fraxinus pennsylvanica, Malus domestica, Picea, Populus, Prunus, Quercus, Ribes, Rhododendron, Salix, Ulmus, Other Species	Low	Craighead (1949), Wagner (2005), Robinson et al. (2007)
Lepidoptera	Orthosia revicta (Morrison)				Subdued Quaker	Acer saccharum, Betula, Fagus grandifolia , Fraxinus americanus, Juglans, Populus, Prunus pensylvanica, Quercus, Salix, Ulmus, Tilia americana	Low	Rings and Downer (2001), Robinson et al. (2007)
Lepidoptera	Orthotaenia undulana (Denis & Schiffermüller)					Acer, Betula, Fraxinus pennsylvanica, Populus, Quercus, Salix, Other Species	Low	Robinson et al. (2007)
Lepidoptera	Paleacrita vernata (Peck)				Spring Cankerworm	Acer negundo, Betula papyrifera, Carya, Fagus grandifolia, Fraxinus americanus, Fraxinus nigra, Fraxinus pennsylvanica, Malus domestica, Quercus (including Quercus macrocarpa), Tilia americana, Ulmus laevis 	Low	Johnson and Lyon (1988), Solomon et al. (1993), Ives and Wong (1988), Robinson et al. (2007)
Lepidoptera	Palpita magniferalis (Walker)				Ash Pyralid	Fraxinus americanus,  Fraxinus nigra, Fraxinus pennsylvanica 	High	Rings and Downer (2001), Covell (2005), Robinson et al. (2007)
Lepidoptera	Palthis angulalis (Hübner)				Dark-spotted Palthis	Acer, Alnus, Betula, Fraxinus americanus, Ostrya virginiana, Prunus pensylvanica, Salix	Low	Rings and Downer (2001), Robinson et al. (2007)
Lepidoptera	Pandemis canadana Kearfott					Acer, Betula, Fraxinus americanus, Populus, Quercus, Other Species	Low	Robinson et al. (2007)
Lepidoptera	Pandemis lamprosana (Robinson)					Acer, Betula, Fagus grandifolia, Fraxinus americanus, Fraxinus texensis, Other Species	Low	Robinson et al. (2007)
Lepidoptera	Pandemis limitata (Robinson)				Three-lined Leaf Roller	Acer, Alnus, Betula, Fraxinus, Malus domestica, Populus, Quercus, Ulmus, Other Species	Low	Rings and Downer (2001), Covell (2005)
Lepidoptera	Papaipema furcata (J.B. Smith)				Ash Shoot Borer Moth	Acer (including Acer negundo), Cephalanthus occidentalis, Fraxinus americanus, Fraxinus nigra, Fraxinus pennsylvanica 	Low	Solomon (1995), Rings and Downer (2001) Robinson et al. (2007), Wagner (2007)
Lepidoptera	Papaipema nebris (Guenée)				Stalk Borer	Acer (including Acer negundo), Ambrosia trifida, Catalpa, Crataegus, Fraxinus, Malus domestica, Platanus, Populus, Prunus (including Prunus persica), Rhus, Sambucus, Salix, Ulmus, Zea mays, Other Species	Low	Solomon (1995)
Lepidoptera	Papilio glaucus Linnaeus				Eastern Tiger Swallowtail	Betula, Fraxinus americanus, Fraxinus caroliniana, Fraxinus nigra, Fraxinus pennsylvanica, Laurus nobilis, Liriodendron tulipifera, Magnolia, Malus domestica, Populus, (including Populus deltoides), Prunus serotina, Prunus virginiana, Salix, Sassafras, Syringa, Tilia americana, Zanthoxylum americanum, Other Species	Low	Craighead (1949), Iftner et al. (1992), Rings and Downer (2001), Cranshaw (2004), Wagner (2005), Wagner et al. (1997), Robinson et al. (2007)
Lepidoptera	Papilio multicaudatus Kirby				Twotailed Tiger Swallowtail	Fraxinus greggii, Fraxinus latifolia, Fraxinus pennsylvanica, Prunus virginiana, Ptelea trifoliata, Salix, Other Species	Low	Opler and Malikul (1998), Cranshaw (2004), Robinson et al. (2007)
Lepidoptera	Paranthene asilipennis (Boisduval)				Oak Clearwing Moth	Alnus, Fraxinus, Quercus coccinea, Quercus palustris,  Quercus rubra, Quercus velutina 	Low	Solomon (1995), Cranshaw (2004) 
Lepidoptera	Philtraea latifoliae Buckett					Fraxinus latifolia 	High	Robinson et al. (2007), Wagner (2007)
Lepidoptera	Philtraea surcaliforniae Buckett					Fraxinus	High	Wagner (2007)
Lepidoptera	Phobetron pithecium (J.E. Smith)				Monkey Slug/ Hag Moth	Betula, Carya, Castanea dentata, Cornus, Diospyros, Fraxinus, Juglans, Malus domestica, Prunus, Quercus, Salix, Other Species	Low	Covell (2005), Wagner (2005)
Lepidoptera	Phyllodesma americana Harris					Acer, Betula, Fraxinus americanus, Malus, Populus, Other Species	Low	Robinson et al. (2007)
Lepidoptera	Plagodis fervidaria (Herrich-Schäffer)				Fervid Plagodis 	Acer, Betula, Fraxinus, Picea, Prunus cerasus, Quercus	Low	Rings and Downer (2001), Covell (2005), Robinson et al. (2007)
Lepidoptera	Plagodis kuetzingi (Grote)				Purple Plagodis	Fraxinus americanus, Fraxinus quadrangulata  	High	Rings and Downer (2001), Covell (2005), Wagner (2007)
Lepidoptera	Platynota idaeusalis (Walker)				Tufted Apple-Bud Moth	Acer negundo, Fraxinus nigra, Juglans nigra, Malus (including Malus domestica), Pinus banksiana, Salix, Solidago canadensis, Trifolium, Other Species	Low	Covell (2005), Robinson et al. (2007)
Lepidoptera	Podosesia aureocincta Purrington & Nielson				Banded Ash Clearwing	Fraxinus americanus, Fraxinus pennsylvanica, Olea europaea, Other Species in Olive Family	Moderate	Solomon et al. (1993), Rings and Downer (2001), Robinson et al. (2007), Wagner (2007)
Lepidoptera	Podosesia fraxini (Lugger)**				Ash Borer	Fraxinus americanus, Fraxinus excelsior, Fraxinus pennsylvanica, Sorbus 	Moderate	Craighead (1949), Furniss and Carolin (1977)
Lepidoptera	Podosesia syringae (Harris)				Ash Borer	Chionanthus virginicus, Fraxinus americanus, Fraxinus caroliniana, Fraxinus excelsior, Fraxinus nigra, Fraxinus pennsylvanica, Sorbus, Olea europaea, Osmanthus, Ligustrum, Syringa, Other Species in Olive Family	Low	Craighead (1949), Baker et al. (1980), Ives and Wong (1988), Johnson and Lyon (1988), Solomon et al. (1993), Rings and Downer (2001), Kennedy (1990), Hiratsuka et al. (1995), Solomon (1995), Cranshaw (2004), Covell (2005), Robinson et al. (2007), Wagner (2007) 
Lepidoptera	Prionoxystus macmurtrei (Guérin) 				Little Carpenter Worm	Acer, Castanea dentata, Fraxinus, Quercus rubra	Low	Rings and Downer (2001), Covell (2005),  Robinson et al. (2007)
Lepidoptera	Prionoxystus robiniae (Peck)				Carpenterworm Moth	Acer (including Acer negundo), Betula, Castanea dentata, Celtis laevigata, Fraxinus pennsylvanica, Gleditsia or Robinia (locust), Platanus, Populus (including Populus trichocarpa), Quercus (including Quercus alba, Quercus agrifolia, Quercus rubra Group), Robinia pseudoacacia, Salix,Ulmus, (including introduced Ulmus species), Other Species	Low	Craighead (1949), Ives and Wong (1988), Johnson and Lyon (1988), Solomon et al. (1993), Solomon (1995), Rings and Downer (2001), Covell (2005), Robinson et al. (2007) 
Lepidoptera	Pseudosciaphila duplex (Walsingham)					Acer rubra, Acer saccharum, Betula, Fraxinus nigra, Fraxinus pennsylvanica, Populus, Salix, Other Species	Low	Robinson et al. (2007)
Lepidoptera	Rothschildia lebeau forbesi Benjamin**				Forbes’ Silkmoth	Citrus, Fraxinus, Ligustrum, Prunus avium, Prunus persica, Salix, Zanthoxylum americanum, Other Species	Low	Covell (2005), Wagner (2005)
Lepidoptera	Rothschildia orizaba (Westwood)					Fraxinus americanus, Ligustrum, Prunus virginiana, Salix, Other Species	Low	Robinson et al. (2007)
Lepidoptera	Samia cynthia (Drury)				Ailanthus Silkmoth	Ailanthus altissima, Fraxinus, Ilex, Juglans cinerea, Ligustrum, Liquidambar, Liriodendron tulipifera, Prunus, Sassafras, Syringa 	Low	Covell (2005)
Lepidoptera	Satyrium caryaevorum (McDunnough)					Carya, Castanea dentata, Fraxinus americanus, Fraxinus nigra, Quercus 	Low	Opler and Malikul (1998), Robinson et al. (2007) 
Lepidoptera	Schizura concinna (J.E. Smith)					Acer, Betula, Carya, Fraxinus pennsylvanica, Other Species	Low	Robinson et al. (2007)
Lepidoptera	Schizura ipomoeae Doubleday					Acer, Betula, Fagus grandifolia, Fraxinus americanus, Malus, Other Species	Low	Robinson et al. (2007)
Lepidoptera	Sicya macularia (Harris)				Twopronged Looper/ Sharp-lined Yellow	Alnus, Betula, Ceanothus, Fraxinus americanus, Fraxinus pennsylvanica, Populus, Salix, Spiraea 	Low	Ives and Wong (1988), Covell (2005), Robinson et al. (2007)
Lepidoptera	Smerinthus jamaicensis (Drury)				Twin-spotted Sphinx	Betula, Fraxinus americanus, Malus domestica, Populus, Prunus, Salix, Ulmus – Wagner (2007) mentions that Fraxinus  could be an erroneous record	Low	Rings and Downer (2001), Covell (2005), Wagner (2007), Robinson et al. (2007)
Lepidoptera	Sparganothis diluticostana (Walsingham)					Betula papyrifera, Crataegus, Fraxinus americanus, Malus, Prunus virginiana, Quercus coccinea, Quercus rubra, Syringa, Viburnum lentago 	Low	Robinson et al. (2007)
Lepidoptera	Sparganothis reticulatana (Clemens)					Acer, Betula papyrifera, Fraxinus americanus, Malus, Prunus, Quercus, Other Species	Low	Robinson et al. (2007)
Lepidoptera	Sphinx canadensis Boisduval				Canadian Sphinx	Fraxinus americanus, Fraxinus nigra, Rubus chamaemorus, Vaccinium 	Moderate	Covell (2005), Wagner (2005, 2007), Robinson et al. (2007)
Lepidoptera	Sphinx chersis (Hübner)				Great Ash Sphinx	Fraxinus americanus, Fraxinus pennsylvanica, Fraxinus velutina , Ligustrum, Populus tremuloides, Prunus, Syringa, Other Species in Olive Family	Low	Craighead (1949), Ives and Wong (1988), Solomon et al. (1993), Wagner et al. (1997), Rings and Downer (2001), Cranshaw (2004), Covell (2005), Wagner (2005, 2007), Robinson et al. (2007) 
Lepidoptera	Sphinx franckii Neumoegen				Franck's Sphinx	Fraxinus americanus, Ligustrum, Ulmus 	Moderate	Covell (2005), Robinson et al. (2007), Wagner (2007)
Lepidoptera	Sphinx gordius Cramer				Apple Sphinx	Chamaedaphne calyculata, Comptonia peregrina, Ericaceae, Fraxinus, Larix, Lyonia ligustrina, Malus domestica, Myrica, Picea, Rosa, Salix, Spirea, Vaccinium, Other Species	Low	Wagner (2005)
Lepidoptera	Sphinx kalmiae J.E. Smith				Fawn Sphinx/ Laurel Sphinx	Chionanthus virginicus, Fraxinus americanus, Fraxinus nigra, Kalmia latifolia, Ligustrum, Populus, Rhododendron, Syringa, Other Species in Olive Family	Low	Craighead (1949), Rings and Downer (2001), Wagner et al. (1997), Covell (2005), Wagner (2005, 2007), Robinson et al. (2007)
Lepidoptera	Sphinx luscitiosa Clemens				Clemen’s Sphinx	Betula, Fraxinus, Malus domestica, Myrica cerifera, Myrica pensylvanica, Populus, Salix	Low	Covell (2005)
Lepidoptera	Spilosoma latipennis Stretch				Pink-legged Tiger Moth	Arisaema triphyllum, Fraxinus, Impatiens, Plantain, Prunus serotina, Taraxacum 	Low	Rings and Downer (2001), Covell (2005),  Robinson et al. (2007)
Lepidoptera	Spilosoma virginica (Fabricius)					Acer, Betula, Fraxinus americanus, Fraxinus pennsylvanica, Other Species	Low	Robinson et al. (2007)
Lepidoptera	Tetracis cachexiata Guenée				White Slant-Line Moth	Abies, Acer, Alnus, Betula, Carpinus caroliniana, Celastrus, Comptonia peregrina, Fraxinus, Kalmia angustifolia, Larix, Myrica, Nyssa sylvatica, Physocarpus, Picea, Pinus, Populus, Prunus, Quercus, Salix, Tilia americana, Tsuga, Ulmus, Viburnum, Other Species	Low	Rings and Downer (2001), Covell (2005), Wagner (2005)
Lepidoptera	Thyridopteryx ephemeraeformis (Haworth)					Acer, Fraxinus americanus, Pinus, Quercus, Other Species	Low	Robinson et al. (2007)
Lepidoptera	Tolype velleda (Stoll)				Large Tolype/ Velleda Lappet Moth	Acer, Betula, Fagus grandifolia, Fraxinus americanus, Fraxinus pennsylvanica, Malus domestica, Populus, Prunus, Quercus macrocarpa, Tilia americana, Ulmus, Other Species	Low	Craighead (1949), Ives and Wong (1988), Rings and Downer (2001), Covell (2005), Wagner (2005), Robinson et al. (2007)
Lepidoptera	Zelleria hepariella Stainton- Exotic					Fraxinus	High	Wagner (2007)
Lepidoptera	Zeuzera pyrina (Linnaeus)- Exotic				Leopard Moth	Acer, Castanea dentata, Fagus grandifolia, Fraxinus, Juglans, all Malus (including Malus domestica), Populus, all Prunus, Pyrus, Quercus, Salix, Syringa, Ulmus, Other Species	Low	Johnson and Lyon (1988), Solomon (1995)
Orthoptera	Megicicada septendecim (Linnaeus)					Acer, Betula, Carya, Cornus, Crataegus, Fraxinus, Malus domestica, Quercus, Robinia pseudoacacia 	Low	Johnson and Lyon (1988)
Orthoptera	Oecanthus fultoni Walker				Snowy Tree Cricket	Crataegus, Fraxinus latifolia, Juglans, Malus domestica, Quercus, Rosa, Salix, Syringa, Ulmus, Other Species	Low	Furniss and Carolin (1977), Johnson and Lyon (1988)
Thysanoptera	Taeniothrips inconsequens (Uzel)- Exotic				Pear Thrips	Acer, Betula, Fagus grandifolia, Fraxinus, Prunus	Low	Johnson and Lyon (1988)
